dataset_name,source_url,file_name,subject_id,session_name,record_group_id,record_id,file_type,file_role,selection_group,discovered_at_utc,content_sha256,content_length_bytes,selected_for_download,download_path,is_within_limit
wearable_exam_stress,https://physionet.org/files/wearable-exam-stress/1.0.0/data/S1/midterm_1/ACC.csv,ACC.csv,S1,midterm_1,S1_midterm_1,S1_midterm_1_ACC.csv,acc,signal,S1_midterm_1,2026-04-14T19:30:00.636452+00:00,0e603c111ef1d8deed5701cf12449a0dfa88b56680dba034e5adaa624ab4d5e4,3457833,True,data/raw/wearable_exam_stress/S1/midterm_1/ACC.csv,True
wearable_exam_stress,https://physionet.org/files/wearable-exam-stress/1.0.0/data/S1/midterm_1/BVP.csv,BVP.csv,S1,midterm_1,S1_midterm_1,S1_midterm_1_BVP.csv,bvp,signal,S1_midterm_1,2026-04-14T19:30:00.636452+00:00,124cc44bca7e42ef0e8e12e3244bfa5630ba448f5986a01f0d59a974c746b8a5,3964988,True,data/raw/wearable_exam_stress/S1/midterm_1/BVP.csv,True
wearable_exam_stress,https://physionet.org/files/wearable-exam-stress/1.0.0/data/S1/midterm_1/EDA.csv,EDA.csv,S1,midterm_1,S1_midterm_1,S1_midterm_1_EDA.csv,eda,signal,S1_midterm_1,2026-04-14T19:30:00.636452+00:00,7b9439f800322a71fd86d47d3b07ba40597b26a546ebf75e83f65975f25da1c4,402435,True,data/raw/wearable_exam_stress/S1/midterm_1/EDA.csv,True
wearable_exam_stress,https://physionet.org/files/wearable-exam-stress/1.0.0/data/S1/midterm_1/HR.csv,HR.csv,S1,midterm_1,S1_midterm_1,S1_midterm_1_HR.csv,hr,signal,S1_midterm_1,2026-04-14T19:30:00.636452+00:00,eef681bc663c699bc084c590210ddd2309f975064b357adf3b0ebe457f900f35,72324,True,data/raw/wearable_exam_stress/S1/midterm_1/HR.csv,True
wearable_exam_stress,https://physionet.org/files/wearable-exam-stress/1.0.0/data/S1/midterm_1/IBI.csv,IBI.csv,S1,midterm_1,S1_midterm_1,S1_midterm_1_IBI.csv,ibi,signal,S1_midterm_1,2026-04-14T19:30:00.636452+00:00,864a17398855d16982485434f8faa0ad5d334e010a9ed8c3beaa3ef19b66fc82,6382,True,data/raw/wearable_exam_stress/S1/midterm_1/IBI.csv,True
wearable_exam_stress,https://physionet.org/files/wearable-exam-stress/1.0.0/data/S1/midterm_1/TEMP.csv,TEMP.csv,S1,midterm_1,S1_midterm_1,S1_midterm_1_TEMP.csv,temp,signal,S1_midterm_1,2026-04-14T19:30:00.636452+00:00,4ca13a95bdee07db24d78b94a3bbea157523dd643579e0bf4dd4458bd7d76a14,268299,True,data/raw/wearable_exam_stress/S1/midterm_1/TEMP.csv,True
wearable_exam_stress,https://physionet.org/files/wearable-exam-stress/1.0.0/data/S1/midterm_1/info.txt,info.txt,S1,midterm_1,S1_midterm_1,S1_midterm_1_info.txt,info,metadata,S1_midterm_1,2026-04-14T19:30:00.636452+00:00,360ca301745b9e85bb0c3700f8f59b4d2f3926da81673903832c9afb6b80e36f,1544,True,data/raw/wearable_exam_stress/S1/midterm_1/info.txt,True
wearable_exam_stress,https://physionet.org/files/wearable-exam-stress/1.0.0/data/S1/midterm_1/tags.csv,tags.csv,S1,midterm_1,S1_midterm_1,S1_midterm_1_tags.csv,tags,signal,S1_midterm_1,2026-04-14T19:30:00.636452+00:00,27f9943a33bd9d4a667512fe993fdd9e0015cb1d0f51026f1faaa957ef53bec8,28,True,data/raw/wearable_exam_stress/S1/midterm_1/tags.csv,True
wearable_exam_stress,https://physionet.org/files/wearable-exam-stress/1.0.0/data/S1/midterm_2/ACC.csv,ACC.csv,S1,midterm_2,S1_midterm_2,S1_midterm_2_ACC.csv,acc,signal,S1_midterm_2,2026-04-14T19:30:00.636452+00:00,b2d4549f573caf8dafd176678653630af029de06e2dd88efee9a44371b321153,3442776,True,data/raw/wearable_exam_stress/S1/midterm_2/ACC.csv,True
wearable_exam_stress,https://physionet.org/files/wearable-exam-stress/1.0.0/data/S1/midterm_2/BVP.csv,BVP.csv,S1,midterm_2,S1_midterm_2,S1_midterm_2_BVP.csv,bvp,signal,S1_midterm_2,2026-04-14T19:30:00.636452+00:00,4e590ae0b5e3ba615c20765ec67eb79c35bb186856842555f43a65c522e0c6ff,4247250,True,data/raw/wearable_exam_stress/S1/midterm_2/BVP.csv,True
wearable_exam_stress,https://physionet.org/files/wearable-exam-stress/1.0.0/data/S1/midterm_2/EDA.csv,EDA.csv,S1,midterm_2,S1_midterm_2,S1_midterm_2_EDA.csv,eda,signal,S1_midterm_2,2026-04-14T19:30:00.636452+00:00,ec7d206a77c5f3710c6cecb90ce735f6292ac83ab6eaf8ef93a3ca31f16b4722,400923,True,data/raw/wearable_exam_stress/S1/midterm_2/EDA.csv,True
wearable_exam_stress,https://physionet.org/files/wearable-exam-stress/1.0.0/data/S1/midterm_2/HR.csv,HR.csv,S1,midterm_2,S1_midterm_2,S1_midterm_2_HR.csv,hr,signal,S1_midterm_2,2026-04-14T19:30:00.636452+00:00,f631aed15cc848514539576d27da518b57ff3094cf99f3f4f4ba4b16c067c937,74725,True,data/raw/wearable_exam_stress/S1/midterm_2/HR.csv,True
wearable_exam_stress,https://physionet.org/files/wearable-exam-stress/1.0.0/data/S1/midterm_2/IBI.csv,IBI.csv,S1,midterm_2,S1_midterm_2,S1_midterm_2_IBI.csv,ibi,signal,S1_midterm_2,2026-04-14T19:30:00.636452+00:00,38d268e0039dd5921372dfcee9550dcb8e070e228ef784ab2e3e1a3f754f6878,27099,True,data/raw/wearable_exam_stress/S1/midterm_2/IBI.csv,True
wearable_exam_stress,https://physionet.org/files/wearable-exam-stress/1.0.0/data/S1/midterm_2/TEMP.csv,TEMP.csv,S1,midterm_2,S1_midterm_2,S1_midterm_2_TEMP.csv,temp,signal,S1_midterm_2,2026-04-14T19:30:00.636452+00:00,ac23e7eee462339732869143574b342a871d8dfe1ec98d888bf78510eef5a67c,267291,True,data/raw/wearable_exam_stress/S1/midterm_2/TEMP.csv,True
wearable_exam_stress,https://physionet.org/files/wearable-exam-stress/1.0.0/data/S1/midterm_2/info.txt,info.txt,S1,midterm_2,S1_midterm_2,S1_midterm_2_info.txt,info,metadata,S1_midterm_2,2026-04-14T19:30:00.636452+00:00,360ca301745b9e85bb0c3700f8f59b4d2f3926da81673903832c9afb6b80e36f,1544,True,data/raw/wearable_exam_stress/S1/midterm_2/info.txt,True
wearable_exam_stress,https://physionet.org/files/wearable-exam-stress/1.0.0/data/S1/midterm_2/tags.csv,tags.csv,S1,midterm_2,S1_midterm_2,S1_midterm_2_tags.csv,tags,signal,S1_midterm_2,2026-04-14T19:30:00.636452+00:00,e3b0c44298fc1c149afbf4c8996fb92427ae41e4649b934ca495991b7852b855,0,True,data/raw/wearable_exam_stress/S1/midterm_2/tags.csv,True
wearable_exam_stress,https://physionet.org/files/wearable-exam-stress/1.0.0/data/S2/midterm_1/ACC.csv,ACC.csv,S2,midterm_1,S2_midterm_1,S2_midterm_1_ACC.csv,acc,signal,S2_midterm_1,2026-04-14T19:30:00.636452+00:00,afe019154a5374a193a57ff9e7ea811079938ba14d3ed77ae0aa233465081643,3467063,True,data/raw/wearable_exam_stress/S2/midterm_1/ACC.csv,True
wearable_exam_stress,https://physionet.org/files/wearable-exam-stress/1.0.0/data/S2/midterm_1/BVP.csv,BVP.csv,S2,midterm_1,S2_midterm_1,S2_midterm_1_BVP.csv,bvp,signal,S2_midterm_1,2026-04-14T19:30:00.636452+00:00,a7f22129ea8f7b8816dae3f9d97427c3f1b8c1dd4312a96811dd2b02a375c13a,4281339,True,data/raw/wearable_exam_stress/S2/midterm_1/BVP.csv,True
wearable_exam_stress,https://physionet.org/files/wearable-exam-stress/1.0.0/data/S2/midterm_1/EDA.csv,EDA.csv,S2,midterm_1,S2_midterm_1,S2_midterm_1_EDA.csv,eda,signal,S2_midterm_1,2026-04-14T19:30:00.636452+00:00,6d49593e70146af71c4e97d32c9970bfc7095f6dfb7aeb136a7a1f1773bac414,431433,True,data/raw/wearable_exam_stress/S2/midterm_1/EDA.csv,True
wearable_exam_stress,https://physionet.org/files/wearable-exam-stress/1.0.0/data/S2/midterm_1/HR.csv,HR.csv,S2,midterm_1,S2_midterm_1,S2_midterm_1_HR.csv,hr,signal,S2_midterm_1,2026-04-14T19:30:00.636452+00:00,2dfdd1f7b3773d9d043306995ed33cdcae239bc3ec152367208294fb65c17516,78480,True,data/raw/wearable_exam_stress/S2/midterm_1/HR.csv,True
wearable_exam_stress,https://physionet.org/files/wearable-exam-stress/1.0.0/data/S2/midterm_1/IBI.csv,IBI.csv,S2,midterm_1,S2_midterm_1,S2_midterm_1_IBI.csv,ibi,signal,S2_midterm_1,2026-04-14T19:30:00.636452+00:00,356458dbd3ec01a431609b219281c45d81ae9fdac1976501c2f3948ab2548cba,12941,True,data/raw/wearable_exam_stress/S2/midterm_1/IBI.csv,True
wearable_exam_stress,https://physionet.org/files/wearable-exam-stress/1.0.0/data/S2/midterm_1/TEMP.csv,TEMP.csv,S2,midterm_1,S2_midterm_1,S2_midterm_1_TEMP.csv,temp,signal,S2_midterm_1,2026-04-14T19:30:00.636452+00:00,65cdaff8f84a55da9b9759e638d4aca91eb58bc887264e1efc8e6361fd13b27f,287643,True,data/raw/wearable_exam_stress/S2/midterm_1/TEMP.csv,True
wearable_exam_stress,https://physionet.org/files/wearable-exam-stress/1.0.0/data/S2/midterm_1/info.txt,info.txt,S2,midterm_1,S2_midterm_1,S2_midterm_1_info.txt,info,metadata,S2_midterm_1,2026-04-14T19:30:00.636452+00:00,360ca301745b9e85bb0c3700f8f59b4d2f3926da81673903832c9afb6b80e36f,1544,True,data/raw/wearable_exam_stress/S2/midterm_1/info.txt,True
wearable_exam_stress,https://physionet.org/files/wearable-exam-stress/1.0.0/data/S2/midterm_1/tags.csv,tags.csv,S2,midterm_1,S2_midterm_1,S2_midterm_1_tags.csv,tags,signal,S2_midterm_1,2026-04-14T19:30:00.636452+00:00,ee8b559b363347a9bd18a46519b146cd67e76dedb4aea7ab315943f54742059f,28,True,data/raw/wearable_exam_stress/S2/midterm_1/tags.csv,True
wearable_exam_stress,https://physionet.org/files/wearable-exam-stress/1.0.0/data/S2/midterm_2/ACC.csv,ACC.csv,S2,midterm_2,S2_midterm_2,S2_midterm_2_ACC.csv,acc,signal,S2_midterm_2,2026-04-14T19:30:00.636452+00:00,38c4c0918e99c7fd9d09e62bd004ac96e74066a4eb07f6c3842080f0285020e6,3921057,True,data/raw/wearable_exam_stress/S2/midterm_2/ACC.csv,True
wearable_exam_stress,https://physionet.org/files/wearable-exam-stress/1.0.0/data/S2/midterm_2/BVP.csv,BVP.csv,S2,midterm_2,S2_midterm_2,S2_midterm_2_BVP.csv,bvp,signal,S2_midterm_2,2026-04-14T19:30:00.636452+00:00,1cc4c587fde6822d7d1c551706139948c0faceccd81177b866ecf115bd49c195,5258067,True,data/raw/wearable_exam_stress/S2/midterm_2/BVP.csv,True
wearable_exam_stress,https://physionet.org/files/wearable-exam-stress/1.0.0/data/S2/midterm_2/EDA.csv,EDA.csv,S2,midterm_2,S2_midterm_2,S2_midterm_2_EDA.csv,eda,signal,S2_midterm_2,2026-04-14T19:30:00.636452+00:00,fd1e0c2e08d3b81b9c27068b8637270f0c6c0c2052e8f4e39783e0db78094be6,499851,True,data/raw/wearable_exam_stress/S2/midterm_2/EDA.csv,True
wearable_exam_stress,https://physionet.org/files/wearable-exam-stress/1.0.0/data/S2/midterm_2/HR.csv,HR.csv,S2,midterm_2,S2_midterm_2,S2_midterm_2_HR.csv,hr,signal,S2_midterm_2,2026-04-14T19:30:00.636452+00:00,c5f75589e5241bcdfce8ab3a2927f22c43972f63f83bf7a6a2076d0a04ea0b43,90966,True,data/raw/wearable_exam_stress/S2/midterm_2/HR.csv,True
wearable_exam_stress,https://physionet.org/files/wearable-exam-stress/1.0.0/data/S2/midterm_2/IBI.csv,IBI.csv,S2,midterm_2,S2_midterm_2,S2_midterm_2_IBI.csv,ibi,signal,S2_midterm_2,2026-04-14T19:30:00.636452+00:00,309b6585969c74ec390abc242080600f7e92628d3c82e5f8de81832783e656bb,44326,True,data/raw/wearable_exam_stress/S2/midterm_2/IBI.csv,True
wearable_exam_stress,https://physionet.org/files/wearable-exam-stress/1.0.0/data/S2/midterm_2/TEMP.csv,TEMP.csv,S2,midterm_2,S2_midterm_2,S2_midterm_2_TEMP.csv,temp,signal,S2_midterm_2,2026-04-14T19:30:00.636452+00:00,2e3f2a34eaa0b2a5a82cea3bed0fe44f8b481fb3933a869306dc011b9db81205,333243,True,data/raw/wearable_exam_stress/S2/midterm_2/TEMP.csv,True
wearable_exam_stress,https://physionet.org/files/wearable-exam-stress/1.0.0/data/S2/midterm_2/info.txt,info.txt,S2,midterm_2,S2_midterm_2,S2_midterm_2_info.txt,info,metadata,S2_midterm_2,2026-04-14T19:30:00.636452+00:00,360ca301745b9e85bb0c3700f8f59b4d2f3926da81673903832c9afb6b80e36f,1544,True,data/raw/wearable_exam_stress/S2/midterm_2/info.txt,True
wearable_exam_stress,https://physionet.org/files/wearable-exam-stress/1.0.0/data/S2/midterm_2/tags.csv,tags.csv,S2,midterm_2,S2_midterm_2,S2_midterm_2_tags.csv,tags,signal,S2_midterm_2,2026-04-14T19:30:00.636452+00:00,c943c0b06f19b25500e5c5c288a6e879eed7055200ad9a00fef90f8a47b8d7a3,28,True,data/raw/wearable_exam_stress/S2/midterm_2/tags.csv,True
wearable_exam_stress,https://physionet.org/files/wearable-exam-stress/1.0.0/data/S3/midterm_1/ACC.csv,ACC.csv,S3,midterm_1,S3_midterm_1,S3_midterm_1_ACC.csv,acc,signal,S3_midterm_1,2026-04-14T19:30:00.636452+00:00,58193075619eb2f305891d43ac497ae53f54b472f75be5d5629b28063bdf3b6a,4004028,True,data/raw/wearable_exam_stress/S3/midterm_1/ACC.csv,True
wearable_exam_stress,https://physionet.org/files/wearable-exam-stress/1.0.0/data/S3/midterm_1/BVP.csv,BVP.csv,S3,midterm_1,S3_midterm_1,S3_midterm_1_BVP.csv,bvp,signal,S3_midterm_1,2026-04-14T19:30:00.636452+00:00,92be73c53206d025b18f5faed90b1f3d12ad77094a8cd93f74ef515a6852e95d,4378999,True,data/raw/wearable_exam_stress/S3/midterm_1/BVP.csv,True
wearable_exam_stress,https://physionet.org/files/wearable-exam-stress/1.0.0/data/S3/midterm_1/EDA.csv,EDA.csv,S3,midterm_1,S3_midterm_1,S3_midterm_1_EDA.csv,eda,signal,S3_midterm_1,2026-04-14T19:30:00.636452+00:00,9d6a58ce4b120af2155cf15f19fa48186ed01786736ea50b8cb5136ed3152313,439695,True,data/raw/wearable_exam_stress/S3/midterm_1/EDA.csv,True
wearable_exam_stress,https://physionet.org/files/wearable-exam-stress/1.0.0/data/S3/midterm_1/HR.csv,HR.csv,S3,midterm_1,S3_midterm_1,S3_midterm_1_HR.csv,hr,signal,S3_midterm_1,2026-04-14T19:30:00.636452+00:00,df916679f57ef888c1d38621772efda8303dc0924aa97119f41e9f081ec8145f,79627,True,data/raw/wearable_exam_stress/S3/midterm_1/HR.csv,True
wearable_exam_stress,https://physionet.org/files/wearable-exam-stress/1.0.0/data/S3/midterm_1/IBI.csv,IBI.csv,S3,midterm_1,S3_midterm_1,S3_midterm_1_IBI.csv,ibi,signal,S3_midterm_1,2026-04-14T19:30:00.636452+00:00,671cd4b79123a34ab81df405a883c0408d7980c78627664b445373b3f9ba7326,10161,True,data/raw/wearable_exam_stress/S3/midterm_1/IBI.csv,True
wearable_exam_stress,https://physionet.org/files/wearable-exam-stress/1.0.0/data/S3/midterm_1/TEMP.csv,TEMP.csv,S3,midterm_1,S3_midterm_1,S3_midterm_1_TEMP.csv,temp,signal,S3_midterm_1,2026-04-14T19:30:00.636452+00:00,a951ab9e340ea737aebba5276d696ddd015f07a2b6bf0c980c7942bc25ccb1c6,293115,True,data/raw/wearable_exam_stress/S3/midterm_1/TEMP.csv,True
wearable_exam_stress,https://physionet.org/files/wearable-exam-stress/1.0.0/data/S3/midterm_1/info.txt,info.txt,S3,midterm_1,S3_midterm_1,S3_midterm_1_info.txt,info,metadata,S3_midterm_1,2026-04-14T19:30:00.636452+00:00,360ca301745b9e85bb0c3700f8f59b4d2f3926da81673903832c9afb6b80e36f,1544,True,data/raw/wearable_exam_stress/S3/midterm_1/info.txt,True
wearable_exam_stress,https://physionet.org/files/wearable-exam-stress/1.0.0/data/S3/midterm_1/tags.csv,tags.csv,S3,midterm_1,S3_midterm_1,S3_midterm_1_tags.csv,tags,signal,S3_midterm_1,2026-04-14T19:30:00.636452+00:00,1d34093349c3558d884e1720a356a09a1be8ca880c489adca034f35850e9622e,28,True,data/raw/wearable_exam_stress/S3/midterm_1/tags.csv,True
wearable_exam_stress,https://physionet.org/files/wearable-exam-stress/1.0.0/data/S3/midterm_2/ACC.csv,ACC.csv,S3,midterm_2,S3_midterm_2,S3_midterm_2_ACC.csv,acc,signal,S3_midterm_2,2026-04-14T19:30:00.636452+00:00,cb35e1db5aaba87de82d9b3c2d30d16f092ea45a1a52eaedecf411b56d8d2c43,3237419,True,data/raw/wearable_exam_stress/S3/midterm_2/ACC.csv,True
wearable_exam_stress,https://physionet.org/files/wearable-exam-stress/1.0.0/data/S3/midterm_2/BVP.csv,BVP.csv,S3,midterm_2,S3_midterm_2,S3_midterm_2_BVP.csv,bvp,signal,S3_midterm_2,2026-04-14T19:30:00.636452+00:00,0a7826a2ad08a2b172f6469880ba1c20d7dc81d248188c6565e09fa659479823,4219995,True,data/raw/wearable_exam_stress/S3/midterm_2/BVP.csv,True
wearable_exam_stress,https://physionet.org/files/wearable-exam-stress/1.0.0/data/S3/midterm_2/EDA.csv,EDA.csv,S3,midterm_2,S3_midterm_2,S3_midterm_2_EDA.csv,eda,signal,S3_midterm_2,2026-04-14T19:30:00.636452+00:00,0f150a99ae4d7aed6615658fdc60cca9f1ac57d4920d4935b3ba3eca76a8853a,368847,True,data/raw/wearable_exam_stress/S3/midterm_2/EDA.csv,True
wearable_exam_stress,https://physionet.org/files/wearable-exam-stress/1.0.0/data/S3/midterm_2/HR.csv,HR.csv,S3,midterm_2,S3_midterm_2,S3_midterm_2_HR.csv,hr,signal,S3_midterm_2,2026-04-14T19:30:00.636452+00:00,c6ba1fa865eea588b848508e299f42bcf4b8fb66f1fa5b81fcab98956a241c5d,65225,True,data/raw/wearable_exam_stress/S3/midterm_2/HR.csv,True
wearable_exam_stress,https://physionet.org/files/wearable-exam-stress/1.0.0/data/S3/midterm_2/IBI.csv,IBI.csv,S3,midterm_2,S3_midterm_2,S3_midterm_2_IBI.csv,ibi,signal,S3_midterm_2,2026-04-14T19:30:00.636452+00:00,804ccb074feb4bbb000c25d52ea5c8c0031bf6fe2f2a2070276080aaf52f6d57,10713,True,data/raw/wearable_exam_stress/S3/midterm_2/IBI.csv,True
wearable_exam_stress,https://physionet.org/files/wearable-exam-stress/1.0.0/data/S3/midterm_2/TEMP.csv,TEMP.csv,S3,midterm_2,S3_midterm_2,S3_midterm_2_TEMP.csv,temp,signal,S3_midterm_2,2026-04-14T19:30:00.636452+00:00,1ce12ba0c9da8decbfd0aecacaf49daef85db68fdc7fbfc4efb3618626304743,245883,True,data/raw/wearable_exam_stress/S3/midterm_2/TEMP.csv,True
wearable_exam_stress,https://physionet.org/files/wearable-exam-stress/1.0.0/data/S3/midterm_2/info.txt,info.txt,S3,midterm_2,S3_midterm_2,S3_midterm_2_info.txt,info,metadata,S3_midterm_2,2026-04-14T19:30:00.636452+00:00,360ca301745b9e85bb0c3700f8f59b4d2f3926da81673903832c9afb6b80e36f,1544,True,data/raw/wearable_exam_stress/S3/midterm_2/info.txt,True
wearable_exam_stress,https://physionet.org/files/wearable-exam-stress/1.0.0/data/S3/midterm_2/tags.csv,tags.csv,S3,midterm_2,S3_midterm_2,S3_midterm_2_tags.csv,tags,signal,S3_midterm_2,2026-04-14T19:30:00.636452+00:00,e3b0c44298fc1c149afbf4c8996fb92427ae41e4649b934ca495991b7852b855,0,True,data/raw/wearable_exam_stress/S3/midterm_2/tags.csv,True
wearable_exam_stress,https://physionet.org/files/wearable-exam-stress/1.0.0/data/S4/midterm_1/ACC.csv,ACC.csv,S4,midterm_1,S4_midterm_1,S4_midterm_1_ACC.csv,acc,signal,S4_midterm_1,2026-04-14T19:30:00.636452+00:00,ead9fecb5e300f407313430dd9e8f9cb396fb329e07adcc8215416efd098b9fe,3786829,True,data/raw/wearable_exam_stress/S4/midterm_1/ACC.csv,True
wearable_exam_stress,https://physionet.org/files/wearable-exam-stress/1.0.0/data/S4/midterm_1/BVP.csv,BVP.csv,S4,midterm_1,S4_midterm_1,S4_midterm_1_BVP.csv,bvp,signal,S4_midterm_1,2026-04-14T19:30:00.636452+00:00,0944ba13e591c3bfcdaafaf0a6de18f90c70108774c1fa10f5554c93ac66cff3,4130386,True,data/raw/wearable_exam_stress/S4/midterm_1/BVP.csv,True
wearable_exam_stress,https://physionet.org/files/wearable-exam-stress/1.0.0/data/S4/midterm_1/EDA.csv,EDA.csv,S4,midterm_1,S4_midterm_1,S4_midterm_1_EDA.csv,eda,signal,S4_midterm_1,2026-04-14T19:30:00.636452+00:00,ae78744c68280001016b6da48087c5d9f36c122dab7afad9894b3092555ef991,421011,True,data/raw/wearable_exam_stress/S4/midterm_1/EDA.csv,True
wearable_exam_stress,https://physionet.org/files/wearable-exam-stress/1.0.0/data/S4/midterm_1/HR.csv,HR.csv,S4,midterm_1,S4_midterm_1,S4_midterm_1_HR.csv,hr,signal,S4_midterm_1,2026-04-14T19:30:00.636452+00:00,63b5c3b6e8418560cccfc98a40dce4752e36630b1901a570e96eb979003a9cd7,76695,True,data/raw/wearable_exam_stress/S4/midterm_1/HR.csv,True
wearable_exam_stress,https://physionet.org/files/wearable-exam-stress/1.0.0/data/S4/midterm_1/IBI.csv,IBI.csv,S4,midterm_1,S4_midterm_1,S4_midterm_1_IBI.csv,ibi,signal,S4_midterm_1,2026-04-14T19:30:00.636452+00:00,e041a7eb3c86085e4bc4a40567988eeb5a5b08e4b9722bd807e364119fe25608,4434,True,data/raw/wearable_exam_stress/S4/midterm_1/IBI.csv,True
wearable_exam_stress,https://physionet.org/files/wearable-exam-stress/1.0.0/data/S4/midterm_1/TEMP.csv,TEMP.csv,S4,midterm_1,S4_midterm_1,S4_midterm_1_TEMP.csv,temp,signal,S4_midterm_1,2026-04-14T19:30:00.636452+00:00,52caba3b44a4c7034f91a1e901fd9c1a9f87b366affd01b38b6ddc83a7d0d704,280683,True,data/raw/wearable_exam_stress/S4/midterm_1/TEMP.csv,True
wearable_exam_stress,https://physionet.org/files/wearable-exam-stress/1.0.0/data/S4/midterm_1/info.txt,info.txt,S4,midterm_1,S4_midterm_1,S4_midterm_1_info.txt,info,metadata,S4_midterm_1,2026-04-14T19:30:00.636452+00:00,360ca301745b9e85bb0c3700f8f59b4d2f3926da81673903832c9afb6b80e36f,1544,True,data/raw/wearable_exam_stress/S4/midterm_1/info.txt,True
wearable_exam_stress,https://physionet.org/files/wearable-exam-stress/1.0.0/data/S4/midterm_1/tags.csv,tags.csv,S4,midterm_1,S4_midterm_1,S4_midterm_1_tags.csv,tags,signal,S4_midterm_1,2026-04-14T19:30:00.636452+00:00,b73061f5d468e153b81add55b0180815266890d6cfe84828f92d91567b9d9190,42,True,data/raw/wearable_exam_stress/S4/midterm_1/tags.csv,True
wearable_exam_stress,https://physionet.org/files/wearable-exam-stress/1.0.0/data/S4/midterm_2/ACC.csv,ACC.csv,S4,midterm_2,S4_midterm_2,S4_midterm_2_ACC.csv,acc,signal,S4_midterm_2,2026-04-14T19:30:00.636452+00:00,e5b8b8268b1c8edfb0793e73f7b0d0e658437327652cc36fc24d81a25e4bc4a2,4227962,True,data/raw/wearable_exam_stress/S4/midterm_2/ACC.csv,True
wearable_exam_stress,https://physionet.org/files/wearable-exam-stress/1.0.0/data/S4/midterm_2/BVP.csv,BVP.csv,S4,midterm_2,S4_midterm_2,S4_midterm_2_BVP.csv,bvp,signal,S4_midterm_2,2026-04-14T19:30:00.636452+00:00,09d9cd831fe020dedb054d8bccf8847f5ef33d34bc46a75d4272d8b031b2275c,5423742,True,data/raw/wearable_exam_stress/S4/midterm_2/BVP.csv,True
wearable_exam_stress,https://physionet.org/files/wearable-exam-stress/1.0.0/data/S4/midterm_2/EDA.csv,EDA.csv,S4,midterm_2,S4_midterm_2,S4_midterm_2_EDA.csv,eda,signal,S4_midterm_2,2026-04-14T19:30:00.636452+00:00,bacd0f1bfd4328987e967a3ea8e91890d361fab2a5fb0b03f88d495615f9d47a,482139,True,data/raw/wearable_exam_stress/S4/midterm_2/EDA.csv,True
wearable_exam_stress,https://physionet.org/files/wearable-exam-stress/1.0.0/data/S4/midterm_2/HR.csv,HR.csv,S4,midterm_2,S4_midterm_2,S4_midterm_2_HR.csv,hr,signal,S4_midterm_2,2026-04-14T19:30:00.636452+00:00,61ad3ae46cdda7d2b844e332818c7d629c120185ae49117e7a4397f1db16e145,83444,True,data/raw/wearable_exam_stress/S4/midterm_2/HR.csv,True
wearable_exam_stress,https://physionet.org/files/wearable-exam-stress/1.0.0/data/S4/midterm_2/IBI.csv,IBI.csv,S4,midterm_2,S4_midterm_2,S4_midterm_2_IBI.csv,ibi,signal,S4_midterm_2,2026-04-14T19:30:00.636452+00:00,7cad0a8413e10da6efd581912ab2a193be2d80fa2597d26963c315234a3d5cfb,9254,True,data/raw/wearable_exam_stress/S4/midterm_2/IBI.csv,True
wearable_exam_stress,https://physionet.org/files/wearable-exam-stress/1.0.0/data/S4/midterm_2/TEMP.csv,TEMP.csv,S4,midterm_2,S4_midterm_2,S4_midterm_2_TEMP.csv,temp,signal,S4_midterm_2,2026-04-14T19:30:00.636452+00:00,ae40a613dfdc7c9f49ff5e4658e7b1a894d9f22a1d0c8f72cab5c4b5d570228e,321435,True,data/raw/wearable_exam_stress/S4/midterm_2/TEMP.csv,True
wearable_exam_stress,https://physionet.org/files/wearable-exam-stress/1.0.0/data/S4/midterm_2/info.txt,info.txt,S4,midterm_2,S4_midterm_2,S4_midterm_2_info.txt,info,metadata,S4_midterm_2,2026-04-14T19:30:00.636452+00:00,360ca301745b9e85bb0c3700f8f59b4d2f3926da81673903832c9afb6b80e36f,1544,True,data/raw/wearable_exam_stress/S4/midterm_2/info.txt,True
wearable_exam_stress,https://physionet.org/files/wearable-exam-stress/1.0.0/data/S4/midterm_2/tags.csv,tags.csv,S4,midterm_2,S4_midterm_2,S4_midterm_2_tags.csv,tags,signal,S4_midterm_2,2026-04-14T19:30:00.636452+00:00,e3b0c44298fc1c149afbf4c8996fb92427ae41e4649b934ca495991b7852b855,0,True,data/raw/wearable_exam_stress/S4/midterm_2/tags.csv,True
wearable_exam_stress,https://physionet.org/files/wearable-exam-stress/1.0.0/data/S5/midterm_1/ACC.csv,ACC.csv,S5,midterm_1,S5_midterm_1,S5_midterm_1_ACC.csv,acc,signal,S5_midterm_1,2026-04-14T19:30:00.636452+00:00,453bca4ab8b16066bbbec5786e83f8077f6c39e9d4de207eafddfef92907717f,3708368,True,data/raw/wearable_exam_stress/S5/midterm_1/ACC.csv,True
wearable_exam_stress,https://physionet.org/files/wearable-exam-stress/1.0.0/data/S5/midterm_1/BVP.csv,BVP.csv,S5,midterm_1,S5_midterm_1,S5_midterm_1_BVP.csv,bvp,signal,S5_midterm_1,2026-04-14T19:30:00.636452+00:00,0960dcc762592215425bdfa459754594c6c201c726d1174c1e849bfecca2be4c,4258951,True,data/raw/wearable_exam_stress/S5/midterm_1/BVP.csv,True
wearable_exam_stress,https://physionet.org/files/wearable-exam-stress/1.0.0/data/S5/midterm_1/EDA.csv,EDA.csv,S5,midterm_1,S5_midterm_1,S5_midterm_1_EDA.csv,eda,signal,S5_midterm_1,2026-04-14T19:30:00.636452+00:00,e8210a9a7547b2da46013dfe0d9e26bf32e7966da0b05be8953cef3f700366fd,432081,True,data/raw/wearable_exam_stress/S5/midterm_1/EDA.csv,True
wearable_exam_stress,https://physionet.org/files/wearable-exam-stress/1.0.0/data/S5/midterm_1/HR.csv,HR.csv,S5,midterm_1,S5_midterm_1,S5_midterm_1_HR.csv,hr,signal,S5_midterm_1,2026-04-14T19:30:00.636452+00:00,81ba9a3b3c31875914e18ced232af91f0348bb8f3b1b671c445d0d3094b1bad9,78690,True,data/raw/wearable_exam_stress/S5/midterm_1/HR.csv,True
wearable_exam_stress,https://physionet.org/files/wearable-exam-stress/1.0.0/data/S5/midterm_1/IBI.csv,IBI.csv,S5,midterm_1,S5_midterm_1,S5_midterm_1_IBI.csv,ibi,signal,S5_midterm_1,2026-04-14T19:30:00.636452+00:00,bdc722d6505fba087ac378350637d1caa5ab53b4fc3fbaf4eeac17ac774b5872,5084,True,data/raw/wearable_exam_stress/S5/midterm_1/IBI.csv,True
wearable_exam_stress,https://physionet.org/files/wearable-exam-stress/1.0.0/data/S5/midterm_1/TEMP.csv,TEMP.csv,S5,midterm_1,S5_midterm_1,S5_midterm_1_TEMP.csv,temp,signal,S5_midterm_1,2026-04-14T19:30:00.636452+00:00,5917ad924b6ebfc7b5ce84ae363bfadda9b76a4decc162d834f8040cc82ae18e,288027,True,data/raw/wearable_exam_stress/S5/midterm_1/TEMP.csv,True
wearable_exam_stress,https://physionet.org/files/wearable-exam-stress/1.0.0/data/S5/midterm_1/info.txt,info.txt,S5,midterm_1,S5_midterm_1,S5_midterm_1_info.txt,info,metadata,S5_midterm_1,2026-04-14T19:30:00.636452+00:00,360ca301745b9e85bb0c3700f8f59b4d2f3926da81673903832c9afb6b80e36f,1544,True,data/raw/wearable_exam_stress/S5/midterm_1/info.txt,True
wearable_exam_stress,https://physionet.org/files/wearable-exam-stress/1.0.0/data/S5/midterm_1/tags.csv,tags.csv,S5,midterm_1,S5_midterm_1,S5_midterm_1_tags.csv,tags,signal,S5_midterm_1,2026-04-14T19:30:00.636452+00:00,938e6677766a0a1d66bbf2e042715f28e75b02eeaa5c907df4e3f7f8191c0a8e,14,True,data/raw/wearable_exam_stress/S5/midterm_1/tags.csv,True
wearable_exam_stress,https://physionet.org/files/wearable-exam-stress/1.0.0/data/S5/midterm_2/ACC.csv,ACC.csv,S5,midterm_2,S5_midterm_2,S5_midterm_2_ACC.csv,acc,signal,S5_midterm_2,2026-04-14T19:30:00.636452+00:00,db30cfdc483015621657a13c86bfb293db266002e3a844a7abd9e75a4a900463,3702416,True,data/raw/wearable_exam_stress/S5/midterm_2/ACC.csv,True
wearable_exam_stress,https://physionet.org/files/wearable-exam-stress/1.0.0/data/S5/midterm_2/BVP.csv,BVP.csv,S5,midterm_2,S5_midterm_2,S5_midterm_2_BVP.csv,bvp,signal,S5_midterm_2,2026-04-14T19:30:00.636452+00:00,2953a42412a2af48bae5920cadb29ad555ada0d4997f4c2d5dcc7971fa4fee6f,4690879,True,data/raw/wearable_exam_stress/S5/midterm_2/BVP.csv,True
wearable_exam_stress,https://physionet.org/files/wearable-exam-stress/1.0.0/data/S5/midterm_2/EDA.csv,EDA.csv,S5,midterm_2,S5_midterm_2,S5_midterm_2_EDA.csv,eda,signal,S5_midterm_2,2026-04-14T19:30:00.636452+00:00,48ce7b88b4f6d4972f21931ed4fa6dc46ecefa959f5228ec3f75d4d51413d5b6,432621,True,data/raw/wearable_exam_stress/S5/midterm_2/EDA.csv,True
wearable_exam_stress,https://physionet.org/files/wearable-exam-stress/1.0.0/data/S5/midterm_2/HR.csv,HR.csv,S5,midterm_2,S5_midterm_2,S5_midterm_2_HR.csv,hr,signal,S5_midterm_2,2026-04-14T19:30:00.636452+00:00,efe5f475f066ebdcd9b38d54491ac707a07170265859bd83d6f58e222446aa1b,82225,True,data/raw/wearable_exam_stress/S5/midterm_2/HR.csv,True
wearable_exam_stress,https://physionet.org/files/wearable-exam-stress/1.0.0/data/S5/midterm_2/IBI.csv,IBI.csv,S5,midterm_2,S5_midterm_2,S5_midterm_2_IBI.csv,ibi,signal,S5_midterm_2,2026-04-14T19:30:00.636452+00:00,4600a8d332b2eacfef36560cc2b30ee66a4008ef719fe038dd799fa342f7f072,86024,True,data/raw/wearable_exam_stress/S5/midterm_2/IBI.csv,True
wearable_exam_stress,https://physionet.org/files/wearable-exam-stress/1.0.0/data/S5/midterm_2/TEMP.csv,TEMP.csv,S5,midterm_2,S5_midterm_2,S5_midterm_2_TEMP.csv,temp,signal,S5_midterm_2,2026-04-14T19:30:00.636452+00:00,990d86b3ca36edc3a6356f89b73d297f8c1d2339a0fdcf599b630f917d6291a0,288411,True,data/raw/wearable_exam_stress/S5/midterm_2/TEMP.csv,True
wearable_exam_stress,https://physionet.org/files/wearable-exam-stress/1.0.0/data/S5/midterm_2/info.txt,info.txt,S5,midterm_2,S5_midterm_2,S5_midterm_2_info.txt,info,metadata,S5_midterm_2,2026-04-14T19:30:00.636452+00:00,360ca301745b9e85bb0c3700f8f59b4d2f3926da81673903832c9afb6b80e36f,1544,True,data/raw/wearable_exam_stress/S5/midterm_2/info.txt,True
wearable_exam_stress,https://physionet.org/files/wearable-exam-stress/1.0.0/data/S5/midterm_2/tags.csv,tags.csv,S5,midterm_2,S5_midterm_2,S5_midterm_2_tags.csv,tags,signal,S5_midterm_2,2026-04-14T19:30:00.636452+00:00,e3b0c44298fc1c149afbf4c8996fb92427ae41e4649b934ca495991b7852b855,0,True,data/raw/wearable_exam_stress/S5/midterm_2/tags.csv,True
wearable_exam_stress,https://physionet.org/files/wearable-exam-stress/1.0.0/data/S6/midterm_1/ACC.csv,ACC.csv,S6,midterm_1,S6_midterm_1,S6_midterm_1_ACC.csv,acc,signal,S6_midterm_1,2026-04-14T19:30:00.636452+00:00,a7611951930fb77373ad66e0da4dc5a4a24d85837ee0506ed4128192a4f903e3,3179658,True,data/raw/wearable_exam_stress/S6/midterm_1/ACC.csv,True
wearable_exam_stress,https://physionet.org/files/wearable-exam-stress/1.0.0/data/S6/midterm_1/BVP.csv,BVP.csv,S6,midterm_1,S6_midterm_1,S6_midterm_1_BVP.csv,bvp,signal,S6_midterm_1,2026-04-14T19:30:00.636452+00:00,60eacb2e7181bfeadd0692dce264815f76ca0e460d7c777152a40ff0fcf3a561,3948716,True,data/raw/wearable_exam_stress/S6/midterm_1/BVP.csv,True
wearable_exam_stress,https://physionet.org/files/wearable-exam-stress/1.0.0/data/S6/midterm_1/EDA.csv,EDA.csv,S6,midterm_1,S6_midterm_1,S6_midterm_1_EDA.csv,eda,signal,S6_midterm_1,2026-04-14T19:30:00.636452+00:00,2ada31d11aeb15eb55126c4dd7b8ba960c63ea457096593370ffd5f14348bfd0,401517,True,data/raw/wearable_exam_stress/S6/midterm_1/EDA.csv,True
wearable_exam_stress,https://physionet.org/files/wearable-exam-stress/1.0.0/data/S6/midterm_1/HR.csv,HR.csv,S6,midterm_1,S6_midterm_1,S6_midterm_1_HR.csv,hr,signal,S6_midterm_1,2026-04-14T19:30:00.636452+00:00,247895c49b16662f74a581f869b6d81bc6b406b8f09e75df32ed3065dc55438a,73633,True,data/raw/wearable_exam_stress/S6/midterm_1/HR.csv,True
wearable_exam_stress,https://physionet.org/files/wearable-exam-stress/1.0.0/data/S6/midterm_1/IBI.csv,IBI.csv,S6,midterm_1,S6_midterm_1,S6_midterm_1_IBI.csv,ibi,signal,S6_midterm_1,2026-04-14T19:30:00.636452+00:00,048ec17a87a6383d5f0b74f99903495e0ec6a5fcb9b5ec6e2f5d7469a340df5e,10402,True,data/raw/wearable_exam_stress/S6/midterm_1/IBI.csv,True
wearable_exam_stress,https://physionet.org/files/wearable-exam-stress/1.0.0/data/S6/midterm_1/TEMP.csv,TEMP.csv,S6,midterm_1,S6_midterm_1,S6_midterm_1_TEMP.csv,temp,signal,S6_midterm_1,2026-04-14T19:30:00.636452+00:00,ecbc0b4f10640a924569d76089d7d90ec3a364cbb172115e97592a600c7ff825,267675,True,data/raw/wearable_exam_stress/S6/midterm_1/TEMP.csv,True
wearable_exam_stress,https://physionet.org/files/wearable-exam-stress/1.0.0/data/S6/midterm_1/info.txt,info.txt,S6,midterm_1,S6_midterm_1,S6_midterm_1_info.txt,info,metadata,S6_midterm_1,2026-04-14T19:30:00.636452+00:00,360ca301745b9e85bb0c3700f8f59b4d2f3926da81673903832c9afb6b80e36f,1544,True,data/raw/wearable_exam_stress/S6/midterm_1/info.txt,True
wearable_exam_stress,https://physionet.org/files/wearable-exam-stress/1.0.0/data/S6/midterm_1/tags.csv,tags.csv,S6,midterm_1,S6_midterm_1,S6_midterm_1_tags.csv,tags,signal,S6_midterm_1,2026-04-14T19:30:00.636452+00:00,1209ed461cd78b0ef7313954639cead2b3989bef8ef10bc46bdad08aa291be84,28,True,data/raw/wearable_exam_stress/S6/midterm_1/tags.csv,True
wearable_exam_stress,https://physionet.org/files/wearable-exam-stress/1.0.0/data/S6/midterm_2/ACC.csv,ACC.csv,S6,midterm_2,S6_midterm_2,S6_midterm_2_ACC.csv,acc,signal,S6_midterm_2,2026-04-14T19:30:00.636452+00:00,0b96c9537e58e4b631db9c2ffd1a596b40c5c4360b8f077e175d1ea2e8bfcc99,4319251,True,data/raw/wearable_exam_stress/S6/midterm_2/ACC.csv,True
wearable_exam_stress,https://physionet.org/files/wearable-exam-stress/1.0.0/data/S6/midterm_2/BVP.csv,BVP.csv,S6,midterm_2,S6_midterm_2,S6_midterm_2_BVP.csv,bvp,signal,S6_midterm_2,2026-04-14T19:30:00.636452+00:00,a0d0428c3960589160197858ddeac5f561740b815b6415eec3a94489af3ca555,5382516,True,data/raw/wearable_exam_stress/S6/midterm_2/BVP.csv,True
wearable_exam_stress,https://physionet.org/files/wearable-exam-stress/1.0.0/data/S6/midterm_2/EDA.csv,EDA.csv,S6,midterm_2,S6_midterm_2,S6_midterm_2_EDA.csv,eda,signal,S6_midterm_2,2026-04-14T19:30:00.636452+00:00,c8cb2a06d831f243e16838ee615a7e13d98d941ae1539eeeda90bbd456d3e3d2,510867,True,data/raw/wearable_exam_stress/S6/midterm_2/EDA.csv,True
wearable_exam_stress,https://physionet.org/files/wearable-exam-stress/1.0.0/data/S6/midterm_2/HR.csv,HR.csv,S6,midterm_2,S6_midterm_2,S6_midterm_2_HR.csv,hr,signal,S6_midterm_2,2026-04-14T19:30:00.636452+00:00,0bd3c69c0ef9ee95c153aa084e4800a66ac71bc0edd980eef60c66e894fc778a,92860,True,data/raw/wearable_exam_stress/S6/midterm_2/HR.csv,True
wearable_exam_stress,https://physionet.org/files/wearable-exam-stress/1.0.0/data/S6/midterm_2/IBI.csv,IBI.csv,S6,midterm_2,S6_midterm_2,S6_midterm_2_IBI.csv,ibi,signal,S6_midterm_2,2026-04-14T19:30:00.636452+00:00,62c8f46d7903efb98df8b10138d41f0ef10fce97d9eb11f1650e5eb1755c1f18,32758,True,data/raw/wearable_exam_stress/S6/midterm_2/IBI.csv,True
wearable_exam_stress,https://physionet.org/files/wearable-exam-stress/1.0.0/data/S6/midterm_2/TEMP.csv,TEMP.csv,S6,midterm_2,S6_midterm_2,S6_midterm_2_TEMP.csv,temp,signal,S6_midterm_2,2026-04-14T19:30:00.636452+00:00,afd58c54e486f0e2774b645c3934a442ec7ba066a158558fcb49a1fcddb6c489,340587,True,data/raw/wearable_exam_stress/S6/midterm_2/TEMP.csv,True
wearable_exam_stress,https://physionet.org/files/wearable-exam-stress/1.0.0/data/S6/midterm_2/info.txt,info.txt,S6,midterm_2,S6_midterm_2,S6_midterm_2_info.txt,info,metadata,S6_midterm_2,2026-04-14T19:30:00.636452+00:00,360ca301745b9e85bb0c3700f8f59b4d2f3926da81673903832c9afb6b80e36f,1544,True,data/raw/wearable_exam_stress/S6/midterm_2/info.txt,True
wearable_exam_stress,https://physionet.org/files/wearable-exam-stress/1.0.0/data/S6/midterm_2/tags.csv,tags.csv,S6,midterm_2,S6_midterm_2,S6_midterm_2_tags.csv,tags,signal,S6_midterm_2,2026-04-14T19:30:00.636452+00:00,e3b0c44298fc1c149afbf4c8996fb92427ae41e4649b934ca495991b7852b855,0,True,data/raw/wearable_exam_stress/S6/midterm_2/tags.csv,True
wearable_exam_stress,https://physionet.org/files/wearable-exam-stress/1.0.0/LICENSE.txt,LICENSE.txt,,,,,license,metadata,metadata,2026-04-14T19:30:00.636452+00:00,a1bb84d446de802008da239dd98ba6074c4f439678c4091fdbb277a6de3cc805,20402,False,,True
wearable_exam_stress,https://physionet.org/files/wearable-exam-stress/1.0.0/SHA256SUMS.txt,SHA256SUMS.txt,,,,,sha256sums,metadata,metadata,2026-04-14T19:30:00.636452+00:00,2477011cc15663e5a8e2e0ee478e8154a2e960a722785e03b5925b89a41f25fb,22163,False,,True
wearable_exam_stress,https://physionet.org/files/wearable-exam-stress/1.0.0/StudentGrades.txt,StudentGrades.txt,,,,,studentgrades,metadata,metadata,2026-04-14T19:30:00.636452+00:00,10276e5b73190efc1494a5eddff1f520253e5292f9974bb2da56e5fd86ab9f6f,470,False,,True
wearable_exam_stress,https://physionet.org/files/wearable-exam-stress/1.0.0/readme.md,readme.md,,,,,readme,metadata,metadata,2026-04-14T19:30:00.636452+00:00,239d21de054dcff8f23b55736dd56e6c699211f5e5fbd29f0f2d33bd89078720,1104,False,,True
