dataset_name,record_id,subject_id,session_id,session_name,signal_channel,file_name,file_type,source_url,download_path,content_sha256,sample_rate_hz,record_start_ts_utc,record_end_ts_utc,sample_count,has_non_monotonic_timestamps,has_duplicate_timestamps
wearable_exam_stress,1,S1,1,midterm_1,acc_x,ACC.csv,acc,https://physionet.org/files/wearable-exam-stress/1.0.0/data/S1/midterm_1/ACC.csv,data/raw/wearable_exam_stress/S1/midterm_1/ACC.csv,0e603c111ef1d8deed5701cf12449a0dfa88b56680dba034e5adaa624ab4d5e4,32.0,2018-10-13 12:56:06+00:00,2018-10-13 16:02:24.187500+00:00,357702,False,False
wearable_exam_stress,2,S1,1,midterm_1,acc_y,ACC.csv,acc,https://physionet.org/files/wearable-exam-stress/1.0.0/data/S1/midterm_1/ACC.csv,data/raw/wearable_exam_stress/S1/midterm_1/ACC.csv,0e603c111ef1d8deed5701cf12449a0dfa88b56680dba034e5adaa624ab4d5e4,32.0,2018-10-13 12:56:06+00:00,2018-10-13 16:02:24.187500+00:00,357702,False,False
wearable_exam_stress,3,S1,1,midterm_1,acc_z,ACC.csv,acc,https://physionet.org/files/wearable-exam-stress/1.0.0/data/S1/midterm_1/ACC.csv,data/raw/wearable_exam_stress/S1/midterm_1/ACC.csv,0e603c111ef1d8deed5701cf12449a0dfa88b56680dba034e5adaa624ab4d5e4,32.0,2018-10-13 12:56:06+00:00,2018-10-13 16:02:24.187500+00:00,357702,False,False
wearable_exam_stress,4,S1,1,midterm_1,acc_magnitude,ACC.csv,acc,https://physionet.org/files/wearable-exam-stress/1.0.0/data/S1/midterm_1/ACC.csv,data/raw/wearable_exam_stress/S1/midterm_1/ACC.csv,0e603c111ef1d8deed5701cf12449a0dfa88b56680dba034e5adaa624ab4d5e4,32.0,2018-10-13 12:56:06+00:00,2018-10-13 16:02:24.187500+00:00,357702,False,False
wearable_exam_stress,5,S1,1,midterm_1,bvp,BVP.csv,bvp,https://physionet.org/files/wearable-exam-stress/1.0.0/data/S1/midterm_1/BVP.csv,data/raw/wearable_exam_stress/S1/midterm_1/BVP.csv,124cc44bca7e42ef0e8e12e3244bfa5630ba448f5986a01f0d59a974c746b8a5,64.0,2018-10-13 12:56:06+00:00,2018-10-13 16:02:24.234375+00:00,715407,False,False
wearable_exam_stress,6,S1,1,midterm_1,eda,EDA.csv,eda,https://physionet.org/files/wearable-exam-stress/1.0.0/data/S1/midterm_1/EDA.csv,data/raw/wearable_exam_stress/S1/midterm_1/EDA.csv,7b9439f800322a71fd86d47d3b07ba40597b26a546ebf75e83f65975f25da1c4,4.0,2018-10-13 12:56:06+00:00,2018-10-13 16:02:24+00:00,44712,False,False
wearable_exam_stress,7,S1,1,midterm_1,hr,HR.csv,hr,https://physionet.org/files/wearable-exam-stress/1.0.0/data/S1/midterm_1/HR.csv,data/raw/wearable_exam_stress/S1/midterm_1/HR.csv,eef681bc663c699bc084c590210ddd2309f975064b357adf3b0ebe457f900f35,1.0,2018-10-13 12:56:16+00:00,2018-10-13 16:02:25+00:00,11169,False,False
wearable_exam_stress,8,S1,1,midterm_1,temp,TEMP.csv,temp,https://physionet.org/files/wearable-exam-stress/1.0.0/data/S1/midterm_1/TEMP.csv,data/raw/wearable_exam_stress/S1/midterm_1/TEMP.csv,4ca13a95bdee07db24d78b94a3bbea157523dd643579e0bf4dd4458bd7d76a14,4.0,2018-10-13 12:56:06+00:00,2018-10-13 16:02:24+00:00,44712,False,False
wearable_exam_stress,9,S1,2,midterm_2,acc_x,ACC.csv,acc,https://physionet.org/files/wearable-exam-stress/1.0.0/data/S1/midterm_2/ACC.csv,data/raw/wearable_exam_stress/S1/midterm_2/ACC.csv,b2d4549f573caf8dafd176678653630af029de06e2dd88efee9a44371b321153,32.0,2018-11-10 14:19:15+00:00,2018-11-10 17:24:51.750000+00:00,356376,False,False
wearable_exam_stress,10,S1,2,midterm_2,acc_y,ACC.csv,acc,https://physionet.org/files/wearable-exam-stress/1.0.0/data/S1/midterm_2/ACC.csv,data/raw/wearable_exam_stress/S1/midterm_2/ACC.csv,b2d4549f573caf8dafd176678653630af029de06e2dd88efee9a44371b321153,32.0,2018-11-10 14:19:15+00:00,2018-11-10 17:24:51.750000+00:00,356376,False,False
wearable_exam_stress,11,S1,2,midterm_2,acc_z,ACC.csv,acc,https://physionet.org/files/wearable-exam-stress/1.0.0/data/S1/midterm_2/ACC.csv,data/raw/wearable_exam_stress/S1/midterm_2/ACC.csv,b2d4549f573caf8dafd176678653630af029de06e2dd88efee9a44371b321153,32.0,2018-11-10 14:19:15+00:00,2018-11-10 17:24:51.750000+00:00,356376,False,False
wearable_exam_stress,12,S1,2,midterm_2,acc_magnitude,ACC.csv,acc,https://physionet.org/files/wearable-exam-stress/1.0.0/data/S1/midterm_2/ACC.csv,data/raw/wearable_exam_stress/S1/midterm_2/ACC.csv,b2d4549f573caf8dafd176678653630af029de06e2dd88efee9a44371b321153,32.0,2018-11-10 14:19:15+00:00,2018-11-10 17:24:51.750000+00:00,356376,False,False
wearable_exam_stress,13,S1,2,midterm_2,bvp,BVP.csv,bvp,https://physionet.org/files/wearable-exam-stress/1.0.0/data/S1/midterm_2/BVP.csv,data/raw/wearable_exam_stress/S1/midterm_2/BVP.csv,4e590ae0b5e3ba615c20765ec67eb79c35bb186856842555f43a65c522e0c6ff,64.0,2018-11-10 14:19:15+00:00,2018-11-10 17:24:51.640625+00:00,712745,False,False
wearable_exam_stress,14,S1,2,midterm_2,eda,EDA.csv,eda,https://physionet.org/files/wearable-exam-stress/1.0.0/data/S1/midterm_2/EDA.csv,data/raw/wearable_exam_stress/S1/midterm_2/EDA.csv,ec7d206a77c5f3710c6cecb90ce735f6292ac83ab6eaf8ef93a3ca31f16b4722,4.0,2018-11-10 14:19:15+00:00,2018-11-10 17:24:51+00:00,44544,False,False
wearable_exam_stress,15,S1,2,midterm_2,hr,HR.csv,hr,https://physionet.org/files/wearable-exam-stress/1.0.0/data/S1/midterm_2/HR.csv,data/raw/wearable_exam_stress/S1/midterm_2/HR.csv,f631aed15cc848514539576d27da518b57ff3094cf99f3f4f4ba4b16c067c937,1.0,2018-11-10 14:19:25+00:00,2018-11-10 17:24:52+00:00,11127,False,False
wearable_exam_stress,16,S1,2,midterm_2,temp,TEMP.csv,temp,https://physionet.org/files/wearable-exam-stress/1.0.0/data/S1/midterm_2/TEMP.csv,data/raw/wearable_exam_stress/S1/midterm_2/TEMP.csv,ac23e7eee462339732869143574b342a871d8dfe1ec98d888bf78510eef5a67c,4.0,2018-11-10 14:19:15+00:00,2018-11-10 17:24:51+00:00,44544,False,False
wearable_exam_stress,17,S2,1,midterm_1,acc_x,ACC.csv,acc,https://physionet.org/files/wearable-exam-stress/1.0.0/data/S2/midterm_1/ACC.csv,data/raw/wearable_exam_stress/S2/midterm_1/ACC.csv,afe019154a5374a193a57ff9e7ea811079938ba14d3ed77ae0aa233465081643,32.0,2018-10-13 12:55:45+00:00,2018-10-13 16:15:29.250000+00:00,383496,False,False
wearable_exam_stress,18,S2,1,midterm_1,acc_y,ACC.csv,acc,https://physionet.org/files/wearable-exam-stress/1.0.0/data/S2/midterm_1/ACC.csv,data/raw/wearable_exam_stress/S2/midterm_1/ACC.csv,afe019154a5374a193a57ff9e7ea811079938ba14d3ed77ae0aa233465081643,32.0,2018-10-13 12:55:45+00:00,2018-10-13 16:15:29.250000+00:00,383496,False,False
wearable_exam_stress,19,S2,1,midterm_1,acc_z,ACC.csv,acc,https://physionet.org/files/wearable-exam-stress/1.0.0/data/S2/midterm_1/ACC.csv,data/raw/wearable_exam_stress/S2/midterm_1/ACC.csv,afe019154a5374a193a57ff9e7ea811079938ba14d3ed77ae0aa233465081643,32.0,2018-10-13 12:55:45+00:00,2018-10-13 16:15:29.250000+00:00,383496,False,False
wearable_exam_stress,20,S2,1,midterm_1,acc_magnitude,ACC.csv,acc,https://physionet.org/files/wearable-exam-stress/1.0.0/data/S2/midterm_1/ACC.csv,data/raw/wearable_exam_stress/S2/midterm_1/ACC.csv,afe019154a5374a193a57ff9e7ea811079938ba14d3ed77ae0aa233465081643,32.0,2018-10-13 12:55:45+00:00,2018-10-13 16:15:29.250000+00:00,383496,False,False
wearable_exam_stress,21,S2,1,midterm_1,bvp,BVP.csv,bvp,https://physionet.org/files/wearable-exam-stress/1.0.0/data/S2/midterm_1/BVP.csv,data/raw/wearable_exam_stress/S2/midterm_1/BVP.csv,a7f22129ea8f7b8816dae3f9d97427c3f1b8c1dd4312a96811dd2b02a375c13a,64.0,2018-10-13 12:55:45+00:00,2018-10-13 16:15:29.328125+00:00,766997,False,False
wearable_exam_stress,22,S2,1,midterm_1,eda,EDA.csv,eda,https://physionet.org/files/wearable-exam-stress/1.0.0/data/S2/midterm_1/EDA.csv,data/raw/wearable_exam_stress/S2/midterm_1/EDA.csv,6d49593e70146af71c4e97d32c9970bfc7095f6dfb7aeb136a7a1f1773bac414,4.0,2018-10-13 12:55:45+00:00,2018-10-13 16:15:28.500000+00:00,47934,False,False
wearable_exam_stress,23,S2,1,midterm_1,hr,HR.csv,hr,https://physionet.org/files/wearable-exam-stress/1.0.0/data/S2/midterm_1/HR.csv,data/raw/wearable_exam_stress/S2/midterm_1/HR.csv,2dfdd1f7b3773d9d043306995ed33cdcae239bc3ec152367208294fb65c17516,1.0,2018-10-13 12:55:55+00:00,2018-10-13 16:15:30+00:00,11975,False,False
wearable_exam_stress,24,S2,1,midterm_1,temp,TEMP.csv,temp,https://physionet.org/files/wearable-exam-stress/1.0.0/data/S2/midterm_1/TEMP.csv,data/raw/wearable_exam_stress/S2/midterm_1/TEMP.csv,65cdaff8f84a55da9b9759e638d4aca91eb58bc887264e1efc8e6361fd13b27f,4.0,2018-10-13 12:55:45+00:00,2018-10-13 16:15:29+00:00,47936,False,False
wearable_exam_stress,25,S2,2,midterm_2,acc_x,ACC.csv,acc,https://physionet.org/files/wearable-exam-stress/1.0.0/data/S2/midterm_2/ACC.csv,data/raw/wearable_exam_stress/S2/midterm_2/ACC.csv,38c4c0918e99c7fd9d09e62bd004ac96e74066a4eb07f6c3842080f0285020e6,32.0,2018-11-10 14:17:29+00:00,2018-11-10 18:08:53.937500+00:00,444318,False,False
wearable_exam_stress,26,S2,2,midterm_2,acc_y,ACC.csv,acc,https://physionet.org/files/wearable-exam-stress/1.0.0/data/S2/midterm_2/ACC.csv,data/raw/wearable_exam_stress/S2/midterm_2/ACC.csv,38c4c0918e99c7fd9d09e62bd004ac96e74066a4eb07f6c3842080f0285020e6,32.0,2018-11-10 14:17:29+00:00,2018-11-10 18:08:53.937500+00:00,444318,False,False
wearable_exam_stress,27,S2,2,midterm_2,acc_z,ACC.csv,acc,https://physionet.org/files/wearable-exam-stress/1.0.0/data/S2/midterm_2/ACC.csv,data/raw/wearable_exam_stress/S2/midterm_2/ACC.csv,38c4c0918e99c7fd9d09e62bd004ac96e74066a4eb07f6c3842080f0285020e6,32.0,2018-11-10 14:17:29+00:00,2018-11-10 18:08:53.937500+00:00,444318,False,False
wearable_exam_stress,28,S2,2,midterm_2,acc_magnitude,ACC.csv,acc,https://physionet.org/files/wearable-exam-stress/1.0.0/data/S2/midterm_2/ACC.csv,data/raw/wearable_exam_stress/S2/midterm_2/ACC.csv,38c4c0918e99c7fd9d09e62bd004ac96e74066a4eb07f6c3842080f0285020e6,32.0,2018-11-10 14:17:29+00:00,2018-11-10 18:08:53.937500+00:00,444318,False,False
wearable_exam_stress,29,S2,2,midterm_2,bvp,BVP.csv,bvp,https://physionet.org/files/wearable-exam-stress/1.0.0/data/S2/midterm_2/BVP.csv,data/raw/wearable_exam_stress/S2/midterm_2/BVP.csv,1cc4c587fde6822d7d1c551706139948c0faceccd81177b866ecf115bd49c195,64.0,2018-11-10 14:17:29+00:00,2018-11-10 18:08:53.921875+00:00,888635,False,False
wearable_exam_stress,30,S2,2,midterm_2,eda,EDA.csv,eda,https://physionet.org/files/wearable-exam-stress/1.0.0/data/S2/midterm_2/EDA.csv,data/raw/wearable_exam_stress/S2/midterm_2/EDA.csv,fd1e0c2e08d3b81b9c27068b8637270f0c6c0c2052e8f4e39783e0db78094be6,4.0,2018-11-10 14:17:29+00:00,2018-11-10 18:08:53+00:00,55536,False,False
wearable_exam_stress,31,S2,2,midterm_2,hr,HR.csv,hr,https://physionet.org/files/wearable-exam-stress/1.0.0/data/S2/midterm_2/HR.csv,data/raw/wearable_exam_stress/S2/midterm_2/HR.csv,c5f75589e5241bcdfce8ab3a2927f22c43972f63f83bf7a6a2076d0a04ea0b43,1.0,2018-11-10 14:17:39+00:00,2018-11-10 18:08:54+00:00,13875,False,False
wearable_exam_stress,32,S2,2,midterm_2,temp,TEMP.csv,temp,https://physionet.org/files/wearable-exam-stress/1.0.0/data/S2/midterm_2/TEMP.csv,data/raw/wearable_exam_stress/S2/midterm_2/TEMP.csv,2e3f2a34eaa0b2a5a82cea3bed0fe44f8b481fb3933a869306dc011b9db81205,4.0,2018-11-10 14:17:29+00:00,2018-11-10 18:08:53+00:00,55536,False,False
wearable_exam_stress,33,S3,1,midterm_1,acc_x,ACC.csv,acc,https://physionet.org/files/wearable-exam-stress/1.0.0/data/S3/midterm_1/ACC.csv,data/raw/wearable_exam_stress/S3/midterm_1/ACC.csv,58193075619eb2f305891d43ac497ae53f54b472f75be5d5629b28063bdf3b6a,32.0,2018-10-13 12:56:48+00:00,2018-10-13 16:20:21+00:00,390816,False,False
wearable_exam_stress,34,S3,1,midterm_1,acc_y,ACC.csv,acc,https://physionet.org/files/wearable-exam-stress/1.0.0/data/S3/midterm_1/ACC.csv,data/raw/wearable_exam_stress/S3/midterm_1/ACC.csv,58193075619eb2f305891d43ac497ae53f54b472f75be5d5629b28063bdf3b6a,32.0,2018-10-13 12:56:48+00:00,2018-10-13 16:20:21+00:00,390816,False,False
wearable_exam_stress,35,S3,1,midterm_1,acc_z,ACC.csv,acc,https://physionet.org/files/wearable-exam-stress/1.0.0/data/S3/midterm_1/ACC.csv,data/raw/wearable_exam_stress/S3/midterm_1/ACC.csv,58193075619eb2f305891d43ac497ae53f54b472f75be5d5629b28063bdf3b6a,32.0,2018-10-13 12:56:48+00:00,2018-10-13 16:20:21+00:00,390816,False,False
wearable_exam_stress,36,S3,1,midterm_1,acc_magnitude,ACC.csv,acc,https://physionet.org/files/wearable-exam-stress/1.0.0/data/S3/midterm_1/ACC.csv,data/raw/wearable_exam_stress/S3/midterm_1/ACC.csv,58193075619eb2f305891d43ac497ae53f54b472f75be5d5629b28063bdf3b6a,32.0,2018-10-13 12:56:48+00:00,2018-10-13 16:20:21+00:00,390816,False,False
wearable_exam_stress,37,S3,1,midterm_1,bvp,BVP.csv,bvp,https://physionet.org/files/wearable-exam-stress/1.0.0/data/S3/midterm_1/BVP.csv,data/raw/wearable_exam_stress/S3/midterm_1/BVP.csv,92be73c53206d025b18f5faed90b1f3d12ad77094a8cd93f74ef515a6852e95d,64.0,2018-10-13 12:56:48+00:00,2018-10-13 16:20:20.921875+00:00,781627,False,False
wearable_exam_stress,38,S3,1,midterm_1,eda,EDA.csv,eda,https://physionet.org/files/wearable-exam-stress/1.0.0/data/S3/midterm_1/EDA.csv,data/raw/wearable_exam_stress/S3/midterm_1/EDA.csv,9d6a58ce4b120af2155cf15f19fa48186ed01786736ea50b8cb5136ed3152313,4.0,2018-10-13 12:56:48+00:00,2018-10-13 16:20:21+00:00,48852,False,False
wearable_exam_stress,39,S3,1,midterm_1,hr,HR.csv,hr,https://physionet.org/files/wearable-exam-stress/1.0.0/data/S3/midterm_1/HR.csv,data/raw/wearable_exam_stress/S3/midterm_1/HR.csv,df916679f57ef888c1d38621772efda8303dc0924aa97119f41e9f081ec8145f,1.0,2018-10-13 12:56:58+00:00,2018-10-13 16:20:21+00:00,12203,False,False
wearable_exam_stress,40,S3,1,midterm_1,temp,TEMP.csv,temp,https://physionet.org/files/wearable-exam-stress/1.0.0/data/S3/midterm_1/TEMP.csv,data/raw/wearable_exam_stress/S3/midterm_1/TEMP.csv,a951ab9e340ea737aebba5276d696ddd015f07a2b6bf0c980c7942bc25ccb1c6,4.0,2018-10-13 12:56:48+00:00,2018-10-13 16:20:20+00:00,48848,False,False
wearable_exam_stress,41,S3,2,midterm_2,acc_x,ACC.csv,acc,https://physionet.org/files/wearable-exam-stress/1.0.0/data/S3/midterm_2/ACC.csv,data/raw/wearable_exam_stress/S3/midterm_2/ACC.csv,cb35e1db5aaba87de82d9b3c2d30d16f092ea45a1a52eaedecf411b56d8d2c43,32.0,2018-11-10 14:16:34+00:00,2018-11-10 17:07:19+00:00,327840,False,False
wearable_exam_stress,42,S3,2,midterm_2,acc_y,ACC.csv,acc,https://physionet.org/files/wearable-exam-stress/1.0.0/data/S3/midterm_2/ACC.csv,data/raw/wearable_exam_stress/S3/midterm_2/ACC.csv,cb35e1db5aaba87de82d9b3c2d30d16f092ea45a1a52eaedecf411b56d8d2c43,32.0,2018-11-10 14:16:34+00:00,2018-11-10 17:07:19+00:00,327840,False,False
wearable_exam_stress,43,S3,2,midterm_2,acc_z,ACC.csv,acc,https://physionet.org/files/wearable-exam-stress/1.0.0/data/S3/midterm_2/ACC.csv,data/raw/wearable_exam_stress/S3/midterm_2/ACC.csv,cb35e1db5aaba87de82d9b3c2d30d16f092ea45a1a52eaedecf411b56d8d2c43,32.0,2018-11-10 14:16:34+00:00,2018-11-10 17:07:19+00:00,327840,False,False
wearable_exam_stress,44,S3,2,midterm_2,acc_magnitude,ACC.csv,acc,https://physionet.org/files/wearable-exam-stress/1.0.0/data/S3/midterm_2/ACC.csv,data/raw/wearable_exam_stress/S3/midterm_2/ACC.csv,cb35e1db5aaba87de82d9b3c2d30d16f092ea45a1a52eaedecf411b56d8d2c43,32.0,2018-11-10 14:16:34+00:00,2018-11-10 17:07:19+00:00,327840,False,False
wearable_exam_stress,45,S3,2,midterm_2,bvp,BVP.csv,bvp,https://physionet.org/files/wearable-exam-stress/1.0.0/data/S3/midterm_2/BVP.csv,data/raw/wearable_exam_stress/S3/midterm_2/BVP.csv,0a7826a2ad08a2b172f6469880ba1c20d7dc81d248188c6565e09fa659479823,64.0,2018-11-10 14:16:34+00:00,2018-11-10 17:07:18.953125+00:00,655677,False,False
wearable_exam_stress,46,S3,2,midterm_2,eda,EDA.csv,eda,https://physionet.org/files/wearable-exam-stress/1.0.0/data/S3/midterm_2/EDA.csv,data/raw/wearable_exam_stress/S3/midterm_2/EDA.csv,0f150a99ae4d7aed6615658fdc60cca9f1ac57d4920d4935b3ba3eca76a8853a,4.0,2018-11-10 14:16:34+00:00,2018-11-10 17:07:19+00:00,40980,False,False
wearable_exam_stress,47,S3,2,midterm_2,hr,HR.csv,hr,https://physionet.org/files/wearable-exam-stress/1.0.0/data/S3/midterm_2/HR.csv,data/raw/wearable_exam_stress/S3/midterm_2/HR.csv,c6ba1fa865eea588b848508e299f42bcf4b8fb66f1fa5b81fcab98956a241c5d,1.0,2018-11-10 14:16:44+00:00,2018-11-10 17:07:19+00:00,10235,False,False
wearable_exam_stress,48,S3,2,midterm_2,temp,TEMP.csv,temp,https://physionet.org/files/wearable-exam-stress/1.0.0/data/S3/midterm_2/TEMP.csv,data/raw/wearable_exam_stress/S3/midterm_2/TEMP.csv,1ce12ba0c9da8decbfd0aecacaf49daef85db68fdc7fbfc4efb3618626304743,4.0,2018-11-10 14:16:34+00:00,2018-11-10 17:07:18+00:00,40976,False,False
wearable_exam_stress,49,S4,1,midterm_1,acc_x,ACC.csv,acc,https://physionet.org/files/wearable-exam-stress/1.0.0/data/S4/midterm_1/ACC.csv,data/raw/wearable_exam_stress/S4/midterm_1/ACC.csv,ead9fecb5e300f407313430dd9e8f9cb396fb329e07adcc8215416efd098b9fe,32.0,2018-10-13 12:56:19+00:00,2018-10-13 16:11:12.812500+00:00,374202,False,False
wearable_exam_stress,50,S4,1,midterm_1,acc_y,ACC.csv,acc,https://physionet.org/files/wearable-exam-stress/1.0.0/data/S4/midterm_1/ACC.csv,data/raw/wearable_exam_stress/S4/midterm_1/ACC.csv,ead9fecb5e300f407313430dd9e8f9cb396fb329e07adcc8215416efd098b9fe,32.0,2018-10-13 12:56:19+00:00,2018-10-13 16:11:12.812500+00:00,374202,False,False
wearable_exam_stress,51,S4,1,midterm_1,acc_z,ACC.csv,acc,https://physionet.org/files/wearable-exam-stress/1.0.0/data/S4/midterm_1/ACC.csv,data/raw/wearable_exam_stress/S4/midterm_1/ACC.csv,ead9fecb5e300f407313430dd9e8f9cb396fb329e07adcc8215416efd098b9fe,32.0,2018-10-13 12:56:19+00:00,2018-10-13 16:11:12.812500+00:00,374202,False,False
wearable_exam_stress,52,S4,1,midterm_1,acc_magnitude,ACC.csv,acc,https://physionet.org/files/wearable-exam-stress/1.0.0/data/S4/midterm_1/ACC.csv,data/raw/wearable_exam_stress/S4/midterm_1/ACC.csv,ead9fecb5e300f407313430dd9e8f9cb396fb329e07adcc8215416efd098b9fe,32.0,2018-10-13 12:56:19+00:00,2018-10-13 16:11:12.812500+00:00,374202,False,False
wearable_exam_stress,53,S4,1,midterm_1,bvp,BVP.csv,bvp,https://physionet.org/files/wearable-exam-stress/1.0.0/data/S4/midterm_1/BVP.csv,data/raw/wearable_exam_stress/S4/midterm_1/BVP.csv,0944ba13e591c3bfcdaafaf0a6de18f90c70108774c1fa10f5554c93ac66cff3,64.0,2018-10-13 12:56:19+00:00,2018-10-13 16:11:12.687500+00:00,748396,False,False
wearable_exam_stress,54,S4,1,midterm_1,eda,EDA.csv,eda,https://physionet.org/files/wearable-exam-stress/1.0.0/data/S4/midterm_1/EDA.csv,data/raw/wearable_exam_stress/S4/midterm_1/EDA.csv,ae78744c68280001016b6da48087c5d9f36c122dab7afad9894b3092555ef991,4.0,2018-10-13 12:56:19+00:00,2018-10-13 16:11:13+00:00,46776,False,False
wearable_exam_stress,55,S4,1,midterm_1,hr,HR.csv,hr,https://physionet.org/files/wearable-exam-stress/1.0.0/data/S4/midterm_1/HR.csv,data/raw/wearable_exam_stress/S4/midterm_1/HR.csv,63b5c3b6e8418560cccfc98a40dce4752e36630b1901a570e96eb979003a9cd7,1.0,2018-10-13 12:56:29+00:00,2018-10-13 16:11:13+00:00,11684,False,False
wearable_exam_stress,56,S4,1,midterm_1,temp,TEMP.csv,temp,https://physionet.org/files/wearable-exam-stress/1.0.0/data/S4/midterm_1/TEMP.csv,data/raw/wearable_exam_stress/S4/midterm_1/TEMP.csv,52caba3b44a4c7034f91a1e901fd9c1a9f87b366affd01b38b6ddc83a7d0d704,4.0,2018-10-13 12:56:19+00:00,2018-10-13 16:11:13+00:00,46776,False,False
wearable_exam_stress,57,S4,2,midterm_2,acc_x,ACC.csv,acc,https://physionet.org/files/wearable-exam-stress/1.0.0/data/S4/midterm_2/ACC.csv,data/raw/wearable_exam_stress/S4/midterm_2/ACC.csv,e5b8b8268b1c8edfb0793e73f7b0d0e658437327652cc36fc24d81a25e4bc4a2,32.0,2018-11-10 14:18:53+00:00,2018-11-10 18:02:05.937500+00:00,428574,False,False
wearable_exam_stress,58,S4,2,midterm_2,acc_y,ACC.csv,acc,https://physionet.org/files/wearable-exam-stress/1.0.0/data/S4/midterm_2/ACC.csv,data/raw/wearable_exam_stress/S4/midterm_2/ACC.csv,e5b8b8268b1c8edfb0793e73f7b0d0e658437327652cc36fc24d81a25e4bc4a2,32.0,2018-11-10 14:18:53+00:00,2018-11-10 18:02:05.937500+00:00,428574,False,False
wearable_exam_stress,59,S4,2,midterm_2,acc_z,ACC.csv,acc,https://physionet.org/files/wearable-exam-stress/1.0.0/data/S4/midterm_2/ACC.csv,data/raw/wearable_exam_stress/S4/midterm_2/ACC.csv,e5b8b8268b1c8edfb0793e73f7b0d0e658437327652cc36fc24d81a25e4bc4a2,32.0,2018-11-10 14:18:53+00:00,2018-11-10 18:02:05.937500+00:00,428574,False,False
wearable_exam_stress,60,S4,2,midterm_2,acc_magnitude,ACC.csv,acc,https://physionet.org/files/wearable-exam-stress/1.0.0/data/S4/midterm_2/ACC.csv,data/raw/wearable_exam_stress/S4/midterm_2/ACC.csv,e5b8b8268b1c8edfb0793e73f7b0d0e658437327652cc36fc24d81a25e4bc4a2,32.0,2018-11-10 14:18:53+00:00,2018-11-10 18:02:05.937500+00:00,428574,False,False
wearable_exam_stress,61,S4,2,midterm_2,bvp,BVP.csv,bvp,https://physionet.org/files/wearable-exam-stress/1.0.0/data/S4/midterm_2/BVP.csv,data/raw/wearable_exam_stress/S4/midterm_2/BVP.csv,09d9cd831fe020dedb054d8bccf8847f5ef33d34bc46a75d4272d8b031b2275c,64.0,2018-11-10 14:18:53+00:00,2018-11-10 18:02:05.843750+00:00,857142,False,False
wearable_exam_stress,62,S4,2,midterm_2,eda,EDA.csv,eda,https://physionet.org/files/wearable-exam-stress/1.0.0/data/S4/midterm_2/EDA.csv,data/raw/wearable_exam_stress/S4/midterm_2/EDA.csv,bacd0f1bfd4328987e967a3ea8e91890d361fab2a5fb0b03f88d495615f9d47a,4.0,2018-11-10 14:18:53+00:00,2018-11-10 18:02:05+00:00,53568,False,False
wearable_exam_stress,63,S4,2,midterm_2,hr,HR.csv,hr,https://physionet.org/files/wearable-exam-stress/1.0.0/data/S4/midterm_2/HR.csv,data/raw/wearable_exam_stress/S4/midterm_2/HR.csv,61ad3ae46cdda7d2b844e332818c7d629c120185ae49117e7a4397f1db16e145,1.0,2018-11-10 14:19:03+00:00,2018-11-10 18:02:06+00:00,13383,False,False
wearable_exam_stress,64,S4,2,midterm_2,temp,TEMP.csv,temp,https://physionet.org/files/wearable-exam-stress/1.0.0/data/S4/midterm_2/TEMP.csv,data/raw/wearable_exam_stress/S4/midterm_2/TEMP.csv,ae40a613dfdc7c9f49ff5e4658e7b1a894d9f22a1d0c8f72cab5c4b5d570228e,4.0,2018-11-10 14:18:53+00:00,2018-11-10 18:02:05+00:00,53568,False,False
wearable_exam_stress,65,S5,1,midterm_1,acc_x,ACC.csv,acc,https://physionet.org/files/wearable-exam-stress/1.0.0/data/S5/midterm_1/ACC.csv,data/raw/wearable_exam_stress/S5/midterm_1/ACC.csv,453bca4ab8b16066bbbec5786e83f8077f6c39e9d4de207eafddfef92907717f,32.0,2018-10-13 12:55:21+00:00,2018-10-13 16:15:22.125000+00:00,384036,False,False
wearable_exam_stress,66,S5,1,midterm_1,acc_y,ACC.csv,acc,https://physionet.org/files/wearable-exam-stress/1.0.0/data/S5/midterm_1/ACC.csv,data/raw/wearable_exam_stress/S5/midterm_1/ACC.csv,453bca4ab8b16066bbbec5786e83f8077f6c39e9d4de207eafddfef92907717f,32.0,2018-10-13 12:55:21+00:00,2018-10-13 16:15:22.125000+00:00,384036,False,False
wearable_exam_stress,67,S5,1,midterm_1,acc_z,ACC.csv,acc,https://physionet.org/files/wearable-exam-stress/1.0.0/data/S5/midterm_1/ACC.csv,data/raw/wearable_exam_stress/S5/midterm_1/ACC.csv,453bca4ab8b16066bbbec5786e83f8077f6c39e9d4de207eafddfef92907717f,32.0,2018-10-13 12:55:21+00:00,2018-10-13 16:15:22.125000+00:00,384036,False,False
wearable_exam_stress,68,S5,1,midterm_1,acc_magnitude,ACC.csv,acc,https://physionet.org/files/wearable-exam-stress/1.0.0/data/S5/midterm_1/ACC.csv,data/raw/wearable_exam_stress/S5/midterm_1/ACC.csv,453bca4ab8b16066bbbec5786e83f8077f6c39e9d4de207eafddfef92907717f,32.0,2018-10-13 12:55:21+00:00,2018-10-13 16:15:22.125000+00:00,384036,False,False
wearable_exam_stress,69,S5,1,midterm_1,bvp,BVP.csv,bvp,https://physionet.org/files/wearable-exam-stress/1.0.0/data/S5/midterm_1/BVP.csv,data/raw/wearable_exam_stress/S5/midterm_1/BVP.csv,0960dcc762592215425bdfa459754594c6c201c726d1174c1e849bfecca2be4c,64.0,2018-10-13 12:55:21+00:00,2018-10-13 16:15:22.171875+00:00,768075,False,False
wearable_exam_stress,70,S5,1,midterm_1,eda,EDA.csv,eda,https://physionet.org/files/wearable-exam-stress/1.0.0/data/S5/midterm_1/EDA.csv,data/raw/wearable_exam_stress/S5/midterm_1/EDA.csv,e8210a9a7547b2da46013dfe0d9e26bf32e7966da0b05be8953cef3f700366fd,4.0,2018-10-13 12:55:21+00:00,2018-10-13 16:15:22.500000+00:00,48006,False,False
wearable_exam_stress,71,S5,1,midterm_1,hr,HR.csv,hr,https://physionet.org/files/wearable-exam-stress/1.0.0/data/S5/midterm_1/HR.csv,data/raw/wearable_exam_stress/S5/midterm_1/HR.csv,81ba9a3b3c31875914e18ced232af91f0348bb8f3b1b671c445d0d3094b1bad9,1.0,2018-10-13 12:55:31+00:00,2018-10-13 16:15:23+00:00,11992,False,False
wearable_exam_stress,72,S5,1,midterm_1,temp,TEMP.csv,temp,https://physionet.org/files/wearable-exam-stress/1.0.0/data/S5/midterm_1/TEMP.csv,data/raw/wearable_exam_stress/S5/midterm_1/TEMP.csv,5917ad924b6ebfc7b5ce84ae363bfadda9b76a4decc162d834f8040cc82ae18e,4.0,2018-10-13 12:55:21+00:00,2018-10-13 16:15:21+00:00,48000,False,False
wearable_exam_stress,73,S5,2,midterm_2,acc_x,ACC.csv,acc,https://physionet.org/files/wearable-exam-stress/1.0.0/data/S5/midterm_2/ACC.csv,data/raw/wearable_exam_stress/S5/midterm_2/ACC.csv,db30cfdc483015621657a13c86bfb293db266002e3a844a7abd9e75a4a900463,32.0,2018-11-10 14:18:18+00:00,2018-11-10 17:38:34.312500+00:00,384522,False,False
wearable_exam_stress,74,S5,2,midterm_2,acc_y,ACC.csv,acc,https://physionet.org/files/wearable-exam-stress/1.0.0/data/S5/midterm_2/ACC.csv,data/raw/wearable_exam_stress/S5/midterm_2/ACC.csv,db30cfdc483015621657a13c86bfb293db266002e3a844a7abd9e75a4a900463,32.0,2018-11-10 14:18:18+00:00,2018-11-10 17:38:34.312500+00:00,384522,False,False
wearable_exam_stress,75,S5,2,midterm_2,acc_z,ACC.csv,acc,https://physionet.org/files/wearable-exam-stress/1.0.0/data/S5/midterm_2/ACC.csv,data/raw/wearable_exam_stress/S5/midterm_2/ACC.csv,db30cfdc483015621657a13c86bfb293db266002e3a844a7abd9e75a4a900463,32.0,2018-11-10 14:18:18+00:00,2018-11-10 17:38:34.312500+00:00,384522,False,False
wearable_exam_stress,76,S5,2,midterm_2,acc_magnitude,ACC.csv,acc,https://physionet.org/files/wearable-exam-stress/1.0.0/data/S5/midterm_2/ACC.csv,data/raw/wearable_exam_stress/S5/midterm_2/ACC.csv,db30cfdc483015621657a13c86bfb293db266002e3a844a7abd9e75a4a900463,32.0,2018-11-10 14:18:18+00:00,2018-11-10 17:38:34.312500+00:00,384522,False,False
wearable_exam_stress,77,S5,2,midterm_2,bvp,BVP.csv,bvp,https://physionet.org/files/wearable-exam-stress/1.0.0/data/S5/midterm_2/BVP.csv,data/raw/wearable_exam_stress/S5/midterm_2/BVP.csv,2953a42412a2af48bae5920cadb29ad555ada0d4997f4c2d5dcc7971fa4fee6f,64.0,2018-11-10 14:18:18+00:00,2018-11-10 17:38:34.296875+00:00,769043,False,False
wearable_exam_stress,78,S5,2,midterm_2,eda,EDA.csv,eda,https://physionet.org/files/wearable-exam-stress/1.0.0/data/S5/midterm_2/EDA.csv,data/raw/wearable_exam_stress/S5/midterm_2/EDA.csv,48ce7b88b4f6d4972f21931ed4fa6dc46ecefa959f5228ec3f75d4d51413d5b6,4.0,2018-11-10 14:18:18+00:00,2018-11-10 17:38:34.500000+00:00,48066,False,False
wearable_exam_stress,79,S5,2,midterm_2,hr,HR.csv,hr,https://physionet.org/files/wearable-exam-stress/1.0.0/data/S5/midterm_2/HR.csv,data/raw/wearable_exam_stress/S5/midterm_2/HR.csv,efe5f475f066ebdcd9b38d54491ac707a07170265859bd83d6f58e222446aa1b,1.0,2018-11-10 14:18:28+00:00,2018-11-10 17:38:35+00:00,12007,False,False
wearable_exam_stress,80,S5,2,midterm_2,temp,TEMP.csv,temp,https://physionet.org/files/wearable-exam-stress/1.0.0/data/S5/midterm_2/TEMP.csv,data/raw/wearable_exam_stress/S5/midterm_2/TEMP.csv,990d86b3ca36edc3a6356f89b73d297f8c1d2339a0fdcf599b630f917d6291a0,4.0,2018-11-10 14:18:18+00:00,2018-11-10 17:38:34+00:00,48064,False,False
wearable_exam_stress,81,S6,1,midterm_1,acc_x,ACC.csv,acc,https://physionet.org/files/wearable-exam-stress/1.0.0/data/S6/midterm_1/ACC.csv,data/raw/wearable_exam_stress/S6/midterm_1/ACC.csv,a7611951930fb77373ad66e0da4dc5a4a24d85837ee0506ed4128192a4f903e3,32.0,2018-10-13 12:57:13+00:00,2018-10-13 16:03:06.437500+00:00,356910,False,False
wearable_exam_stress,82,S6,1,midterm_1,acc_y,ACC.csv,acc,https://physionet.org/files/wearable-exam-stress/1.0.0/data/S6/midterm_1/ACC.csv,data/raw/wearable_exam_stress/S6/midterm_1/ACC.csv,a7611951930fb77373ad66e0da4dc5a4a24d85837ee0506ed4128192a4f903e3,32.0,2018-10-13 12:57:13+00:00,2018-10-13 16:03:06.437500+00:00,356910,False,False
wearable_exam_stress,83,S6,1,midterm_1,acc_z,ACC.csv,acc,https://physionet.org/files/wearable-exam-stress/1.0.0/data/S6/midterm_1/ACC.csv,data/raw/wearable_exam_stress/S6/midterm_1/ACC.csv,a7611951930fb77373ad66e0da4dc5a4a24d85837ee0506ed4128192a4f903e3,32.0,2018-10-13 12:57:13+00:00,2018-10-13 16:03:06.437500+00:00,356910,False,False
wearable_exam_stress,84,S6,1,midterm_1,acc_magnitude,ACC.csv,acc,https://physionet.org/files/wearable-exam-stress/1.0.0/data/S6/midterm_1/ACC.csv,data/raw/wearable_exam_stress/S6/midterm_1/ACC.csv,a7611951930fb77373ad66e0da4dc5a4a24d85837ee0506ed4128192a4f903e3,32.0,2018-10-13 12:57:13+00:00,2018-10-13 16:03:06.437500+00:00,356910,False,False
wearable_exam_stress,85,S6,1,midterm_1,bvp,BVP.csv,bvp,https://physionet.org/files/wearable-exam-stress/1.0.0/data/S6/midterm_1/BVP.csv,data/raw/wearable_exam_stress/S6/midterm_1/BVP.csv,60eacb2e7181bfeadd0692dce264815f76ca0e460d7c777152a40ff0fcf3a561,64.0,2018-10-13 12:57:13+00:00,2018-10-13 16:03:06.484375+00:00,713823,False,False
wearable_exam_stress,86,S6,1,midterm_1,eda,EDA.csv,eda,https://physionet.org/files/wearable-exam-stress/1.0.0/data/S6/midterm_1/EDA.csv,data/raw/wearable_exam_stress/S6/midterm_1/EDA.csv,2ada31d11aeb15eb55126c4dd7b8ba960c63ea457096593370ffd5f14348bfd0,4.0,2018-10-13 12:57:13+00:00,2018-10-13 16:03:05.500000+00:00,44610,False,False
wearable_exam_stress,87,S6,1,midterm_1,hr,HR.csv,hr,https://physionet.org/files/wearable-exam-stress/1.0.0/data/S6/midterm_1/HR.csv,data/raw/wearable_exam_stress/S6/midterm_1/HR.csv,247895c49b16662f74a581f869b6d81bc6b406b8f09e75df32ed3065dc55438a,1.0,2018-10-13 12:57:23+00:00,2018-10-13 16:03:07+00:00,11144,False,False
wearable_exam_stress,88,S6,1,midterm_1,temp,TEMP.csv,temp,https://physionet.org/files/wearable-exam-stress/1.0.0/data/S6/midterm_1/TEMP.csv,data/raw/wearable_exam_stress/S6/midterm_1/TEMP.csv,ecbc0b4f10640a924569d76089d7d90ec3a364cbb172115e97592a600c7ff825,4.0,2018-10-13 12:57:13+00:00,2018-10-13 16:03:05+00:00,44608,False,False
wearable_exam_stress,89,S6,2,midterm_2,acc_x,ACC.csv,acc,https://physionet.org/files/wearable-exam-stress/1.0.0/data/S6/midterm_2/ACC.csv,data/raw/wearable_exam_stress/S6/midterm_2/ACC.csv,0b96c9537e58e4b631db9c2ffd1a596b40c5c4360b8f077e175d1ea2e8bfcc99,32.0,2018-11-10 14:18:08+00:00,2018-11-10 18:14:38+00:00,454080,False,False
wearable_exam_stress,90,S6,2,midterm_2,acc_y,ACC.csv,acc,https://physionet.org/files/wearable-exam-stress/1.0.0/data/S6/midterm_2/ACC.csv,data/raw/wearable_exam_stress/S6/midterm_2/ACC.csv,0b96c9537e58e4b631db9c2ffd1a596b40c5c4360b8f077e175d1ea2e8bfcc99,32.0,2018-11-10 14:18:08+00:00,2018-11-10 18:14:38+00:00,454080,False,False
wearable_exam_stress,91,S6,2,midterm_2,acc_z,ACC.csv,acc,https://physionet.org/files/wearable-exam-stress/1.0.0/data/S6/midterm_2/ACC.csv,data/raw/wearable_exam_stress/S6/midterm_2/ACC.csv,0b96c9537e58e4b631db9c2ffd1a596b40c5c4360b8f077e175d1ea2e8bfcc99,32.0,2018-11-10 14:18:08+00:00,2018-11-10 18:14:38+00:00,454080,False,False
wearable_exam_stress,92,S6,2,midterm_2,acc_magnitude,ACC.csv,acc,https://physionet.org/files/wearable-exam-stress/1.0.0/data/S6/midterm_2/ACC.csv,data/raw/wearable_exam_stress/S6/midterm_2/ACC.csv,0b96c9537e58e4b631db9c2ffd1a596b40c5c4360b8f077e175d1ea2e8bfcc99,32.0,2018-11-10 14:18:08+00:00,2018-11-10 18:14:38+00:00,454080,False,False
wearable_exam_stress,93,S6,2,midterm_2,bvp,BVP.csv,bvp,https://physionet.org/files/wearable-exam-stress/1.0.0/data/S6/midterm_2/BVP.csv,data/raw/wearable_exam_stress/S6/midterm_2/BVP.csv,a0d0428c3960589160197858ddeac5f561740b815b6415eec3a94489af3ca555,64.0,2018-11-10 14:18:08+00:00,2018-11-10 18:14:38+00:00,908160,False,False
wearable_exam_stress,94,S6,2,midterm_2,eda,EDA.csv,eda,https://physionet.org/files/wearable-exam-stress/1.0.0/data/S6/midterm_2/EDA.csv,data/raw/wearable_exam_stress/S6/midterm_2/EDA.csv,c8cb2a06d831f243e16838ee615a7e13d98d941ae1539eeeda90bbd456d3e3d2,4.0,2018-11-10 14:18:08+00:00,2018-11-10 18:14:38+00:00,56760,False,False
wearable_exam_stress,95,S6,2,midterm_2,hr,HR.csv,hr,https://physionet.org/files/wearable-exam-stress/1.0.0/data/S6/midterm_2/HR.csv,data/raw/wearable_exam_stress/S6/midterm_2/HR.csv,0bd3c69c0ef9ee95c153aa084e4800a66ac71bc0edd980eef60c66e894fc778a,1.0,2018-11-10 14:18:18+00:00,2018-11-10 18:14:39+00:00,14181,False,False
wearable_exam_stress,96,S6,2,midterm_2,temp,TEMP.csv,temp,https://physionet.org/files/wearable-exam-stress/1.0.0/data/S6/midterm_2/TEMP.csv,data/raw/wearable_exam_stress/S6/midterm_2/TEMP.csv,afd58c54e486f0e2774b645c3934a442ec7ba066a158558fcb49a1fcddb6c489,4.0,2018-11-10 14:18:08+00:00,2018-11-10 18:14:38+00:00,56760,False,False
